,sch_id,wd_id,sch_cname,wd_cname
0,http://schema.org/AccountingService,http://www.wikidata.org/wiki/accounting_services,AccountingService,accounting_services
1,http://schema.org/Action,http://www.wikidata.org/wiki/action,Action,action
2,http://schema.org/Airline,http://www.wikidata.org/wiki/airline,Airline,airline
3,http://schema.org/Airport,http://www.wikidata.org/wiki/airport,Airport,airport
4,http://schema.org/AmusementPark,http://www.wikidata.org/wiki/amusement_park,AmusementPark,amusement_park
5,http://schema.org/AnatomicalStructure,http://www.wikidata.org/wiki/anatomical_structure,AnatomicalStructure,anatomical_structure
6,http://schema.org/AnimalShelter,http://www.wikidata.org/wiki/animal_shelter,AnimalShelter,animal_shelter
7,http://schema.org/Answer,http://www.wikidata.org/wiki/Answer,Answer,Answer
8,http://schema.org/Apartment,http://www.wikidata.org/wiki/apartment,Apartment,apartment
9,http://schema.org/Aquarium,http://www.wikidata.org/wiki/public_aquarium,Aquarium,public_aquarium
10,http://schema.org/Artery,http://www.wikidata.org/wiki/artery,Artery,artery
11,http://schema.org/ArtGallery,http://www.wikidata.org/wiki/art_gallery,ArtGallery,art_gallery
12,http://schema.org/Article,http://www.wikidata.org/wiki/article,Article,article
13,http://schema.org/Atlas,http://www.wikidata.org/wiki/atlas,Atlas,atlas
14,http://schema.org/Attorney,http://www.wikidata.org/wiki/lawyer,Attorney,lawyer
15,http://schema.org/Audience,http://www.wikidata.org/wiki/audience,Audience,audience
16,http://schema.org/Audiobook,http://www.wikidata.org/wiki/audiobook,Audiobook,audiobook
17,http://schema.org/AudioObject,http://www.wikidata.org/wiki/audio_file,AudioObject,audio_file
18,http://schema.org/AutoBodyShop,http://www.wikidata.org/wiki/auto_body_shop,AutoBodyShop,auto_body_shop
19,http://schema.org/AutomatedTeller,http://www.wikidata.org/wiki/automated_teller_machine,AutomatedTeller,automated_teller_machine
20,http://schema.org/AutoRental,http://www.wikidata.org/wiki/car_rental_company,AutoRental,car_rental_company
21,http://schema.org/Bakery,http://www.wikidata.org/wiki/bakery,Bakery,bakery
22,http://schema.org/Barcode,http://www.wikidata.org/wiki/barcode,Barcode,barcode
23,http://schema.org/Beach,http://www.wikidata.org/wiki/beach,Beach,beach
24,http://schema.org/BeautySalon,http://www.wikidata.org/wiki/beauty_salon,BeautySalon,beauty_salon
25,http://schema.org/BedAndBreakfast,http://www.wikidata.org/wiki/bed_and_breakfast,BedAndBreakfast,bed_and_breakfast
26,http://schema.org/Blog,http://www.wikidata.org/wiki/Blog,Blog,Blog
27,http://schema.org/BlogPosting,http://www.wikidata.org/wiki/blog_post,BlogPosting,blog_post
28,http://schema.org/BloodTest,http://www.wikidata.org/wiki/blood_test,BloodTest,blood_test
29,http://schema.org/Bone,http://www.wikidata.org/wiki/bone,Bone,bone
30,http://schema.org/Book,http://www.wikidata.org/wiki/book,Book,book
31,http://schema.org/BookSeries,http://www.wikidata.org/wiki/book_series,BookSeries,book_series
32,http://schema.org/BookStore,http://www.wikidata.org/wiki/bookstore,BookStore,bookstore
33,http://schema.org/Boolean,http://www.wikidata.org/wiki/boolean_data_type,Boolean,boolean_data_type
34,http://schema.org/BowlingAlley,http://www.wikidata.org/wiki/bowling_alley,BowlingAlley,bowling_alley
35,http://schema.org/Brand,http://www.wikidata.org/wiki/brand,Brand,brand
36,http://schema.org/Brewery,http://www.wikidata.org/wiki/brewery,Brewery,brewery
37,http://schema.org/Bridge,http://www.wikidata.org/wiki/bridge,Bridge,bridge
38,http://schema.org/BuddhistTemple,http://www.wikidata.org/wiki/Buddhist_temple,BuddhistTemple,Buddhist_temple
39,http://schema.org/BusOrCoach,http://www.wikidata.org/wiki/bus,BusOrCoach,bus
40,http://schema.org/BusStation,http://www.wikidata.org/wiki/bus_station,BusStation,bus_station
41,http://schema.org/BusStop,http://www.wikidata.org/wiki/bus_stop,BusStop,bus_stop
42,http://schema.org/CafeOrCoffeeShop,http://www.wikidata.org/wiki/coffeehouse,CafeOrCoffeeShop,coffeehouse
43,http://schema.org/Campground,http://www.wikidata.org/wiki/campground,Campground,campground
44,http://schema.org/CampingPitch,http://www.wikidata.org/wiki/campsite,CampingPitch,campsite
45,http://schema.org/Canal,http://www.wikidata.org/wiki/canal,Canal,canal
46,http://schema.org/Car,http://www.wikidata.org/wiki/passenger_car,Car,passenger_car
47,http://schema.org/Casino,http://www.wikidata.org/wiki/casino,Casino,casino
48,http://schema.org/CatholicChurch,http://www.wikidata.org/wiki/Catholic_church_building,CatholicChurch,Catholic_church_building
49,http://schema.org/Cemetery,http://www.wikidata.org/wiki/cemetery,Cemetery,cemetery
50,http://schema.org/Chapter,http://www.wikidata.org/wiki/chapter,Chapter,chapter
51,http://schema.org/ChildCare,http://www.wikidata.org/wiki/childcare_center,ChildCare,childcare_center
52,http://schema.org/Church,http://www.wikidata.org/wiki/church_building,Church,church_building
53,http://schema.org/City,http://www.wikidata.org/wiki/city,City,city
54,http://schema.org/CityHall,http://www.wikidata.org/wiki/city_hall,CityHall,city_hall
55,http://schema.org/Collection,http://www.wikidata.org/wiki/collection,Collection,collection
56,http://schema.org/ComedyClub,http://www.wikidata.org/wiki/comedy_club,ComedyClub,comedy_club
57,http://schema.org/ComicSeries,http://www.wikidata.org/wiki/comic_book_series,ComicSeries,comic_book_series
58,http://schema.org/ComicStory,http://www.wikidata.org/wiki/comics,ComicStory,comics
59,http://schema.org/Comment,http://www.wikidata.org/wiki/comment,Comment,comment
60,http://schema.org/CommunityHealth,http://www.wikidata.org/wiki/community_health,CommunityHealth,community_health
61,http://schema.org/ComputerLanguage,http://www.wikidata.org/wiki/computer_language,ComputerLanguage,computer_language
62,http://schema.org/ContactPoint,http://www.wikidata.org/wiki/contact_point,ContactPoint,contact_point
63,http://schema.org/Continent,http://www.wikidata.org/wiki/continent,Continent,continent
64,http://schema.org/Conversation,http://www.wikidata.org/wiki/conversation,Conversation,conversation
65,http://schema.org/Corporation,http://www.wikidata.org/wiki/business,Corporation,business
66,http://schema.org/Country,http://www.wikidata.org/wiki/country,Country,country
67,http://schema.org/Course,http://www.wikidata.org/wiki/course,Course,course
68,http://schema.org/Courthouse,http://www.wikidata.org/wiki/courthouse,Courthouse,courthouse
69,http://schema.org/CreativeWork,http://www.wikidata.org/wiki/creative_work,CreativeWork,creative_work
70,http://schema.org/CreativeWorkSeries,http://www.wikidata.org/wiki/series_of_creative_works,CreativeWorkSeries,series_of_creative_works
71,http://schema.org/CreditCard,http://www.wikidata.org/wiki/credit_card,CreditCard,credit_card
72,http://schema.org/Crematorium,http://www.wikidata.org/wiki/crematorium,Crematorium,crematorium
73,http://schema.org/DanceGroup,http://www.wikidata.org/wiki/dance_troupe,DanceGroup,dance_troupe
74,http://schema.org/DataFeed,http://www.wikidata.org/wiki/data_feed,DataFeed,data_feed
75,http://schema.org/Dataset,http://www.wikidata.org/wiki/data_set,Dataset,data_set
76,http://schema.org/Date,http://www.wikidata.org/wiki/date,Date,date
77,http://schema.org/DayOfWeek,http://www.wikidata.org/wiki/day_of_the_week,DayOfWeek,day_of_the_week
78,http://schema.org/DefenceEstablishment,http://www.wikidata.org/wiki/military_facility,DefenceEstablishment,military_facility
79,http://schema.org/Demand,http://www.wikidata.org/wiki/demand,Demand,demand
80,http://schema.org/Dermatology,http://www.wikidata.org/wiki/dermatology,Dermatology,dermatology
81,http://schema.org/DiagnosticProcedure,http://www.wikidata.org/wiki/medical_diagnosis,DiagnosticProcedure,medical_diagnosis
82,http://schema.org/Diet,http://www.wikidata.org/wiki/diet,Diet,diet
83,http://schema.org/DietarySupplement,http://www.wikidata.org/wiki/dietary_supplement,DietarySupplement,dietary_supplement
84,http://schema.org/Distance,http://www.wikidata.org/wiki/distance,Distance,distance
85,http://schema.org/Distillery,http://www.wikidata.org/wiki/distillery,Distillery,distillery
86,http://schema.org/Drug,http://www.wikidata.org/wiki/drug,Drug,drug
87,http://schema.org/Duration,http://www.wikidata.org/wiki/duration,Duration,duration
88,http://schema.org/Electrician,http://www.wikidata.org/wiki/electrician,Electrician,electrician
89,http://schema.org/ElementarySchool,http://www.wikidata.org/wiki/elementary_school,ElementarySchool,elementary_school
90,http://schema.org/Embassy,http://www.wikidata.org/wiki/embassy,Embassy,embassy
91,http://schema.org/Emergency,http://www.wikidata.org/wiki/emergency,Emergency,emergency
92,http://schema.org/EmergencyService,http://www.wikidata.org/wiki/emergency_service,EmergencyService,emergency_service
93,http://schema.org/EmploymentAgency,http://www.wikidata.org/wiki/employment_agency,EmploymentAgency,employment_agency
94,http://schema.org/Energy,http://www.wikidata.org/wiki/Energy,Energy,Energy
95,http://schema.org/Episode,http://www.wikidata.org/wiki/episode,Episode,episode
96,http://schema.org/EPRelease,http://www.wikidata.org/wiki/extended_play,EPRelease,extended_play
97,http://schema.org/Event,http://www.wikidata.org/wiki/event,Event,event
98,http://schema.org/EventVenue,http://www.wikidata.org/wiki/event_venue,EventVenue,event_venue
99,http://schema.org/Festival,http://www.wikidata.org/wiki/festival,Festival,festival
100,http://schema.org/FinancialProduct,http://www.wikidata.org/wiki/financial_product,FinancialProduct,financial_product
101,http://schema.org/FinancialService,http://www.wikidata.org/wiki/financial_services,FinancialService,financial_services
102,http://schema.org/FireStation,http://www.wikidata.org/wiki/fire_station,FireStation,fire_station
103,http://schema.org/Float,http://www.wikidata.org/wiki/floating_point,Float,floating_point
104,http://schema.org/Florist,http://www.wikidata.org/wiki/florist,Florist,florist
105,http://schema.org/Game,http://www.wikidata.org/wiki/game,Game,game
106,http://schema.org/GameServer,http://www.wikidata.org/wiki/game_server,GameServer,game_server
107,http://schema.org/GasStation,http://www.wikidata.org/wiki/petrol_station,GasStation,petrol_station
108,http://schema.org/GatedResidenceCommunity,http://www.wikidata.org/wiki/gated_community,GatedResidenceCommunity,gated_community
109,http://schema.org/GeneralContractor,http://www.wikidata.org/wiki/general_contractor,GeneralContractor,general_contractor
110,http://schema.org/Geriatric,http://www.wikidata.org/wiki/geriatrics,Geriatric,geriatrics
111,http://schema.org/GolfCourse,http://www.wikidata.org/wiki/golf_course,GolfCourse,golf_course
112,http://schema.org/GovernmentBuilding,http://www.wikidata.org/wiki/government_building,GovernmentBuilding,government_building
113,http://schema.org/GovernmentOrganization,http://www.wikidata.org/wiki/government_organization,GovernmentOrganization,government_organization
114,http://schema.org/Gynecologic,http://www.wikidata.org/wiki/gynecology,Gynecologic,gynecology
115,http://schema.org/HairSalon,http://www.wikidata.org/wiki/haircutting_establishment,HairSalon,haircutting_establishment
116,http://schema.org/HealthClub,http://www.wikidata.org/wiki/health_club,HealthClub,health_club
117,http://schema.org/HighSchool,http://www.wikidata.org/wiki/high_school,HighSchool,high_school
118,http://schema.org/HinduTemple,http://www.wikidata.org/wiki/Hindu_temple,HinduTemple,Hindu_temple
119,http://schema.org/Hospital,http://www.wikidata.org/wiki/hospital,Hospital,hospital
120,http://schema.org/Hostel,http://www.wikidata.org/wiki/hostel,Hostel,hostel
121,http://schema.org/Hotel,http://www.wikidata.org/wiki/hotel,Hotel,hotel
122,http://schema.org/HotelRoom,http://www.wikidata.org/wiki/hotel_room,HotelRoom,hotel_room
123,http://schema.org/House,http://www.wikidata.org/wiki/house,House,house
124,http://schema.org/HousePainter,http://www.wikidata.org/wiki/decorator,HousePainter,decorator
125,http://schema.org/IceCreamShop,http://www.wikidata.org/wiki/ice_cream_parlor,IceCreamShop,ice_cream_parlor
126,http://schema.org/InfectiousDisease,http://www.wikidata.org/wiki/infectious_disease,InfectiousDisease,infectious_disease
127,http://schema.org/InsuranceAgency,http://www.wikidata.org/wiki/insurance_agency,InsuranceAgency,insurance_agency
128,http://schema.org/Invoice,http://www.wikidata.org/wiki/invoice,Invoice,invoice
129,http://schema.org/Joint,http://www.wikidata.org/wiki/joint,Joint,joint
130,http://schema.org/LakeBodyOfWater,http://www.wikidata.org/wiki/lake,LakeBodyOfWater,lake
131,http://schema.org/LandmarksOrHistoricalBuildings,http://www.wikidata.org/wiki/landmark,LandmarksOrHistoricalBuildings,landmark
132,http://schema.org/Language,http://www.wikidata.org/wiki/language,Language,language
133,http://schema.org/LegalService,http://www.wikidata.org/wiki/legal_service,LegalService,legal_service
134,http://schema.org/Library,http://www.wikidata.org/wiki/library,Library,library
135,http://schema.org/Ligament,http://www.wikidata.org/wiki/ligament,Ligament,ligament
136,http://schema.org/LiquorStore,http://www.wikidata.org/wiki/liquor_store,LiquorStore,liquor_store
137,http://schema.org/Locksmith,http://www.wikidata.org/wiki/locksmith,Locksmith,locksmith
138,http://schema.org/LymphaticVessel,http://www.wikidata.org/wiki/lymphatic_vessel,LymphaticVessel,lymphatic_vessel
139,http://schema.org/Map,http://www.wikidata.org/wiki/map,Map,map
140,http://schema.org/Mass,http://www.wikidata.org/wiki/mass,Mass,mass
141,http://schema.org/MedicalClinic,http://www.wikidata.org/wiki/clinic,MedicalClinic,clinic
142,http://schema.org/MedicalCode,http://www.wikidata.org/wiki/medical_code,MedicalCode,medical_code
143,http://schema.org/MedicalDevice,http://www.wikidata.org/wiki/medical_device,MedicalDevice,medical_device
144,http://schema.org/MedicalGuideline,http://www.wikidata.org/wiki/medical_guideline,MedicalGuideline,medical_guideline
145,http://schema.org/MedicalOrganization,http://www.wikidata.org/wiki/medical_organization,MedicalOrganization,medical_organization
146,http://schema.org/MedicalProcedure,http://www.wikidata.org/wiki/medical_procedure,MedicalProcedure,medical_procedure
147,http://schema.org/MedicalSign,http://www.wikidata.org/wiki/clinical_sign,MedicalSign,clinical_sign
148,http://schema.org/MedicalSpecialty,http://www.wikidata.org/wiki/medical_specialty,MedicalSpecialty,medical_specialty
149,http://schema.org/MedicalStudy,http://www.wikidata.org/wiki/medical_study,MedicalStudy,medical_study
150,http://schema.org/MedicalSymptom,http://www.wikidata.org/wiki/symptom,MedicalSymptom,symptom
151,http://schema.org/MedicalTest,http://www.wikidata.org/wiki/medical_test,MedicalTest,medical_test
152,http://schema.org/MedicalTrial,http://www.wikidata.org/wiki/medical_trial,MedicalTrial,medical_trial
153,http://schema.org/MeetingRoom,http://www.wikidata.org/wiki/conference_room,MeetingRoom,conference_room
154,http://schema.org/Menu,http://www.wikidata.org/wiki/menu,Menu,menu
155,http://schema.org/Message,http://www.wikidata.org/wiki/message,Message,message
156,http://schema.org/MiddleSchool,http://www.wikidata.org/wiki/middle_school,MiddleSchool,middle_school
157,http://schema.org/Midwifery,http://www.wikidata.org/wiki/midwifery,Midwifery,midwifery
158,http://schema.org/MobileApplication,http://www.wikidata.org/wiki/mobile_app,MobileApplication,mobile_app
159,http://schema.org/Mosque,http://www.wikidata.org/wiki/mosque,Mosque,mosque
160,http://schema.org/Motel,http://www.wikidata.org/wiki/motel,Motel,motel
161,http://schema.org/Motorcycle,http://www.wikidata.org/wiki/motorcycle,Motorcycle,motorcycle
162,http://schema.org/Mountain,http://www.wikidata.org/wiki/mountain,Mountain,mountain
163,http://schema.org/Movie,http://www.wikidata.org/wiki/film,Movie,film
164,http://schema.org/MovieTheater,http://www.wikidata.org/wiki/movie_theater,MovieTheater,movie_theater
165,http://schema.org/MovingCompany,http://www.wikidata.org/wiki/moving_company,MovingCompany,moving_company
166,http://schema.org/Muscle,http://www.wikidata.org/wiki/muscle_organ,Muscle,muscle_organ
167,http://schema.org/Museum,http://www.wikidata.org/wiki/museum,Museum,museum
168,http://schema.org/MusicAlbum,http://www.wikidata.org/wiki/album,MusicAlbum,album
169,http://schema.org/MusicComposition,http://www.wikidata.org/wiki/musical_composition,MusicComposition,musical_composition
170,http://schema.org/MusicGroup,http://www.wikidata.org/wiki/musical_group,MusicGroup,musical_group
171,http://schema.org/MusicPlaylist,http://www.wikidata.org/wiki/playlist,MusicPlaylist,playlist
172,http://schema.org/MusicRelease,http://www.wikidata.org/wiki/release,MusicRelease,release
173,http://schema.org/MusicVenue,http://www.wikidata.org/wiki/music_venue,MusicVenue,music_venue
174,http://schema.org/NailSalon,http://www.wikidata.org/wiki/nail_salon,NailSalon,nail_salon
175,http://schema.org/Nerve,http://www.wikidata.org/wiki/nerve,Nerve,nerve
176,http://schema.org/NewsArticle,http://www.wikidata.org/wiki/news_article,NewsArticle,news_article
177,http://schema.org/Newspaper,http://www.wikidata.org/wiki/newspaper,Newspaper,newspaper
178,http://schema.org/NGO,http://www.wikidata.org/wiki/non-governmental_organization,NGO,non-governmental_organization
179,http://schema.org/NightClub,http://www.wikidata.org/wiki/nightclub,NightClub,nightclub
180,http://schema.org/Notary,http://www.wikidata.org/wiki/notary,Notary,notary
181,http://schema.org/Number,http://www.wikidata.org/wiki/number,Number,number
182,http://schema.org/Nursing,http://www.wikidata.org/wiki/nursing,Nursing,nursing
183,http://schema.org/NutritionInformation,http://www.wikidata.org/wiki/nutrition_information,NutritionInformation,nutrition_information
184,http://schema.org/Obstetric,http://www.wikidata.org/wiki/obstetrics,Obstetric,obstetrics
185,http://schema.org/OccupationalTherapy,http://www.wikidata.org/wiki/occupational_therapy,OccupationalTherapy,occupational_therapy
186,http://schema.org/OceanBodyOfWater,http://www.wikidata.org/wiki/ocean,OceanBodyOfWater,ocean
187,http://schema.org/Oncologic,http://www.wikidata.org/wiki/oncology,Oncologic,oncology
188,http://schema.org/Optician,http://www.wikidata.org/wiki/optician,Optician,optician
189,http://schema.org/Optometric,http://www.wikidata.org/wiki/optometry,Optometric,optometry
190,http://schema.org/Organization,http://www.wikidata.org/wiki/organization,Organization,organization
191,http://schema.org/OutletStore,http://www.wikidata.org/wiki/outlet_store,OutletStore,outlet_store
192,http://schema.org/Painting,http://www.wikidata.org/wiki/painting,Painting,painting
193,http://schema.org/PalliativeProcedure,http://www.wikidata.org/wiki/palliative_procedure,PalliativeProcedure,palliative_procedure
194,http://schema.org/Park,http://www.wikidata.org/wiki/park,Park,park
195,http://schema.org/ParkingFacility,http://www.wikidata.org/wiki/parking_facility,ParkingFacility,parking_facility
196,http://schema.org/Patient,http://www.wikidata.org/wiki/patient,Patient,patient
197,http://schema.org/PaymentCard,http://www.wikidata.org/wiki/payment_card,PaymentCard,payment_card
198,http://schema.org/PaymentMethod,http://www.wikidata.org/wiki/payment_method,PaymentMethod,payment_method
199,http://schema.org/PerformingArtsTheater,http://www.wikidata.org/wiki/theatre,PerformingArtsTheater,theatre
200,http://schema.org/Periodical,http://www.wikidata.org/wiki/magazine,Periodical,magazine
201,http://schema.org/Permit,http://www.wikidata.org/wiki/license,Permit,license
202,http://schema.org/PetStore,http://www.wikidata.org/wiki/pet_store,PetStore,pet_store
203,http://schema.org/Pharmacy,http://www.wikidata.org/wiki/pharmacy,Pharmacy,pharmacy
204,http://schema.org/Photograph,http://www.wikidata.org/wiki/photograph,Photograph,photograph
205,http://schema.org/PhysicalExam,http://www.wikidata.org/wiki/physical_examination,PhysicalExam,physical_examination
206,http://schema.org/Physician,http://www.wikidata.org/wiki/physician,Physician,physician
207,http://schema.org/PlaceOfWorship,http://www.wikidata.org/wiki/place_of_worship,PlaceOfWorship,place_of_worship
208,http://schema.org/PlasticSurgery,http://www.wikidata.org/wiki/plastic_surgery,PlasticSurgery,plastic_surgery
209,http://schema.org/Playground,http://www.wikidata.org/wiki/playground,Playground,playground
210,http://schema.org/Plumber,http://www.wikidata.org/wiki/plumber,Plumber,plumber
211,http://schema.org/Podiatric,http://www.wikidata.org/wiki/podiatry,Podiatric,podiatry
212,http://schema.org/PoliceStation,http://www.wikidata.org/wiki/police_station,PoliceStation,police_station
213,http://schema.org/Pond,http://www.wikidata.org/wiki/Pond,Pond,Pond
214,http://schema.org/PostalAddress,http://www.wikidata.org/wiki/address,PostalAddress,address
215,http://schema.org/PostOffice,http://www.wikidata.org/wiki/post_office,PostOffice,post_office
216,http://schema.org/Preschool,http://www.wikidata.org/wiki/preschool,Preschool,preschool
217,http://schema.org/PrimaryCare,http://www.wikidata.org/wiki/primary_care,PrimaryCare,primary_care
218,http://schema.org/Product,http://www.wikidata.org/wiki/product,Product,product
219,http://schema.org/ProductModel,http://www.wikidata.org/wiki/model,ProductModel,model
220,http://schema.org/ProfessionalService,http://www.wikidata.org/wiki/professional_services,ProfessionalService,professional_services
221,http://schema.org/Psychiatric,http://www.wikidata.org/wiki/Psychiatry,Psychiatric,Psychiatry
222,http://schema.org/PsychologicalTreatment,http://www.wikidata.org/wiki/psychological_treatment,PsychologicalTreatment,psychological_treatment
223,http://schema.org/PublicationVolume,http://www.wikidata.org/wiki/annual_collection,PublicationVolume,annual_collection
224,http://schema.org/PublicHealth,http://www.wikidata.org/wiki/public_health,PublicHealth,public_health
225,http://schema.org/PublicSwimmingPool,http://www.wikidata.org/wiki/public_swimming_pool,PublicSwimmingPool,public_swimming_pool
226,http://schema.org/PublicToilet,http://www.wikidata.org/wiki/public_toilet,PublicToilet,public_toilet
227,http://schema.org/Quantity,http://www.wikidata.org/wiki/number_of_entities,Quantity,number_of_entities
228,http://schema.org/Question,http://www.wikidata.org/wiki/question,Question,question
229,http://schema.org/Quotation,http://www.wikidata.org/wiki/quotation,Quotation,quotation
230,http://schema.org/RadiationTherapy,http://www.wikidata.org/wiki/radiation_therapy,RadiationTherapy,radiation_therapy
231,http://schema.org/RadioSeries,http://www.wikidata.org/wiki/radio_series,RadioSeries,radio_series
232,http://schema.org/RadioStation,http://www.wikidata.org/wiki/radio_station,RadioStation,radio_station
233,http://schema.org/RealEstateAgent,http://www.wikidata.org/wiki/real_estate_broker,RealEstateAgent,real_estate_broker
234,http://schema.org/Recipe,http://www.wikidata.org/wiki/recipe,Recipe,recipe
235,http://schema.org/RecyclingCenter,http://www.wikidata.org/wiki/recycling_center,RecyclingCenter,recycling_center
236,http://schema.org/Report,http://www.wikidata.org/wiki/report,Report,report
237,http://schema.org/Residence,http://www.wikidata.org/wiki/residence,Residence,residence
238,http://schema.org/Resort,http://www.wikidata.org/wiki/resort,Resort,resort
239,http://schema.org/RespiratoryTherapy,http://www.wikidata.org/wiki/respiratory_therapy,RespiratoryTherapy,respiratory_therapy
240,http://schema.org/Restaurant,http://www.wikidata.org/wiki/restaurant,Restaurant,restaurant
241,http://schema.org/Review,http://www.wikidata.org/wiki/review,Review,review
242,http://schema.org/RiverBodyOfWater,http://www.wikidata.org/wiki/river,RiverBodyOfWater,river
243,http://schema.org/RoofingContractor,http://www.wikidata.org/wiki/Roofing_contractor,RoofingContractor,Roofing_contractor
244,http://schema.org/Room,http://www.wikidata.org/wiki/room,Room,room
245,http://schema.org/RVPark,http://www.wikidata.org/wiki/motorhome_stopover,RVPark,motorhome_stopover
246,http://schema.org/ScholarlyArticle,http://www.wikidata.org/wiki/scholarly_article,ScholarlyArticle,scholarly_article
247,http://schema.org/School,http://www.wikidata.org/wiki/school,School,school
248,http://schema.org/Sculpture,http://www.wikidata.org/wiki/sculpture,Sculpture,sculpture
249,http://schema.org/SeaBodyOfWater,http://www.wikidata.org/wiki/sea,SeaBodyOfWater,sea
250,http://schema.org/SelfStorage,http://www.wikidata.org/wiki/self_storage,SelfStorage,self_storage
251,http://schema.org/Series,http://www.wikidata.org/wiki/series,Series,series
252,http://schema.org/ShoeStore,http://www.wikidata.org/wiki/shoe_store,ShoeStore,shoe_store
253,http://schema.org/ShoppingCenter,http://www.wikidata.org/wiki/shopping_center,ShoppingCenter,shopping_center
254,http://schema.org/SingleRelease,http://www.wikidata.org/wiki/single,SingleRelease,single
255,http://schema.org/SkiResort,http://www.wikidata.org/wiki/ski_resort,SkiResort,ski_resort
256,http://schema.org/SoftwareApplication,http://www.wikidata.org/wiki/application,SoftwareApplication,application
257,http://schema.org/SoftwareSourceCode,http://www.wikidata.org/wiki/source_code,SoftwareSourceCode,source_code
258,http://schema.org/SportsOrganization,http://www.wikidata.org/wiki/sports_organization,SportsOrganization,sports_organization
259,http://schema.org/SportsTeam,http://www.wikidata.org/wiki/sports_team,SportsTeam,sports_team
260,http://schema.org/StadiumOrArena,http://www.wikidata.org/wiki/stadium,StadiumOrArena,stadium
261,http://schema.org/State,http://www.wikidata.org/wiki/federated_state,State,federated_state
262,http://schema.org/Store,http://www.wikidata.org/wiki/shop,Store,shop
263,http://schema.org/Substance,http://www.wikidata.org/wiki/substance,Substance,substance
264,http://schema.org/SubwayStation,http://www.wikidata.org/wiki/metro_station,SubwayStation,metro_station
265,http://schema.org/Suite,http://www.wikidata.org/wiki/suite,Suite,suite
266,http://schema.org/SuperficialAnatomy,http://www.wikidata.org/wiki/Superficial_anatomy,SuperficialAnatomy,Superficial_anatomy
267,http://schema.org/SurgicalProcedure,http://www.wikidata.org/wiki/surgical_procedure,SurgicalProcedure,surgical_procedure
268,http://schema.org/Synagogue,http://www.wikidata.org/wiki/synagogue,Synagogue,synagogue
269,http://schema.org/TattooParlor,http://www.wikidata.org/wiki/tattoo_parlor,TattooParlor,tattoo_parlor
270,http://schema.org/TaxiStand,http://www.wikidata.org/wiki/taxi_rank,TaxiStand,taxi_rank
271,http://schema.org/TelevisionStation,http://www.wikidata.org/wiki/television_station,TelevisionStation,television_station
272,http://schema.org/TennisComplex,http://www.wikidata.org/wiki/tennis_venue,TennisComplex,tennis_venue
273,http://schema.org/Text,http://www.wikidata.org/wiki/string,Text,string
274,http://schema.org/TextDigitalDocument,http://www.wikidata.org/wiki/text_file,TextDigitalDocument,text_file
275,http://schema.org/TheaterGroup,http://www.wikidata.org/wiki/theatre_troupe,TheaterGroup,theatre_troupe
276,http://schema.org/Thesis,http://www.wikidata.org/wiki/thesis,Thesis,thesis
277,http://schema.org/Time,http://www.wikidata.org/wiki/Timestamp,Time,Timestamp
278,http://schema.org/TouristAttraction,http://www.wikidata.org/wiki/tourist_attraction,TouristAttraction,tourist_attraction
279,http://schema.org/TouristInformationCenter,http://www.wikidata.org/wiki/tourism_office,TouristInformationCenter,tourism_office
280,http://schema.org/ToyStore,http://www.wikidata.org/wiki/toy_store,ToyStore,toy_store
281,http://schema.org/TrainStation,http://www.wikidata.org/wiki/railway_station,TrainStation,railway_station
282,http://schema.org/TravelAgency,http://www.wikidata.org/wiki/travel_agency,TravelAgency,travel_agency
283,http://schema.org/TVEpisode,http://www.wikidata.org/wiki/television_series_episode,TVEpisode,television_series_episode
284,http://schema.org/TVSeries,http://www.wikidata.org/wiki/television_series,TVSeries,television_series
285,http://schema.org/URL,http://www.wikidata.org/wiki/Uniform_Resource_Locator,URL,Uniform_Resource_Locator
286,http://schema.org/Vein,http://www.wikidata.org/wiki/vein,Vein,vein
287,http://schema.org/Vessel,http://www.wikidata.org/wiki/vessel,Vessel,vessel
288,http://schema.org/VeterinaryCare,http://www.wikidata.org/wiki/veterinary_medicine,VeterinaryCare,veterinary_medicine
289,http://schema.org/VideoGame,http://www.wikidata.org/wiki/video_game,VideoGame,video_game
290,http://schema.org/VideoGameSeries,http://www.wikidata.org/wiki/video_game_series,VideoGameSeries,video_game_series
291,http://schema.org/VisualArtwork,http://www.wikidata.org/wiki/visual_artwork,VisualArtwork,visual_artwork
292,http://schema.org/VitalSign,http://www.wikidata.org/wiki/vital_signs,VitalSign,vital_signs
293,http://schema.org/Volcano,http://www.wikidata.org/wiki/volcano,Volcano,volcano
294,http://schema.org/Waterfall,http://www.wikidata.org/wiki/waterfall,Waterfall,waterfall
295,http://schema.org/WebApplication,http://www.wikidata.org/wiki/web_application,WebApplication,web_application
296,http://schema.org/WebPage,http://www.wikidata.org/wiki/web_page,WebPage,web_page
297,http://schema.org/WebSite,http://www.wikidata.org/wiki/website,WebSite,website
298,http://schema.org/WinAction,http://www.wikidata.org/wiki/Victory,WinAction,Victory
299,http://schema.org/Winery,http://www.wikidata.org/wiki/winery,Winery,winery
300,http://schema.org/WorkersUnion,http://www.wikidata.org/wiki/labor_union,WorkersUnion,labor_union
301,http://schema.org/Zoo,http://www.wikidata.org/wiki/zoo,Zoo,zoo
302,http://schema.org/FALSE,http://www.wikidata.org/wiki/false,FALSE,false
303,http://schema.org/TRUE,http://www.wikidata.org/wiki/true,TRUE,true
